Feature,MI Score
mqtt.topic,0.41887093959955624
mqtt.conack.flags,0.4184017584956502
mqtt.protoname,0.41822669091956577
tcp.srcport,0.39371027862334107
tcp.options,0.3222890757781687
ip.dst_host,0.20495239598866277
ip.src_host,0.20415270517287265
http.request.version,0.09032038119478636
http.request.method,0.0896183585410415
arp.src.proto_ipv4,0.025829717522309004
http.request.uri.query,0.02213074978938856
arp.dst.proto_ipv4,0.0044785071121182796
