{
    "input_dim": 20,
    "latent_dim": 8,
    "layer_sizes": [
        64,
        32,
        16
    ],
    "threshold": 0.14363865927044658,
    "fallback_threshold": 0.16191271425055404,
    "beta": 0.8,
    "timestamp": "20250322-125400"
}