{
    "roc_auc": 1.0,
    "pr_auc": 1.0,
    "avg_val_loss": 3.3459006786346435,
    "avg_train_time": 20.33735156059265,
    "input_dim": 20,
    "latent_dim": 8,
    "layer_sizes": [
        64,
        32,
        16
    ],
    "timestamp": "20250322-125400"
}